,sampleID,disease,dataset,sex,age,smoking_status
ATTCTACCAAGGTTCT_HD68,homosapiens_None_2023_None_sikkemalisa_002_d10_1101_2022_03_10_483747VUHD68,normal,Banovich_Kropski_2020,Male,unknown,Yes
CTGATAGTCTTAGAGC_F01367,homosapiens_None_2023_None_sikkemalisa_002_d10_1101_2022_03_10_483747THD0005,normal,Banovich_Kropski_2020,Male,unknown,Yes
GGCTGGTTCTTAACCT_F01851,homosapiens_None_2023_None_sikkemalisa_002_d10_1101_2022_03_10_483747VUHD84,normal,Banovich_Kropski_2020,Female,unknown,Yes
P3_4_CGGACGTTCATTCACT,homosapiens_None_2023_None_sikkemalisa_002_d10_1101_2022_03_10_483747donor 3,normal,Krasnow_2020,Female,unknown,No
ACCCACTTCAAACCGT_F02524,homosapiens_None_2023_None_sikkemalisa_002_d10_1101_2022_03_10_483747VUHD94,normal,Banovich_Kropski_2020,Male,unknown,No
GCCTCTATCAACACCA_F02607,homosapiens_None_2023_None_sikkemalisa_002_d10_1101_2022_03_10_483747VUHD104,normal,Banovich_Kropski_2020,Male,unknown,Yes
P2_1_CATCAAGGTCTGGTCG,homosapiens_None_2023_None_sikkemalisa_002_d10_1101_2022_03_10_483747donor 2,normal,Krasnow_2020,Male,unknown,No
ACCAGTATCACCACCT-1-HCATisStab7747197,homosapiens_None_2023_None_sikkemalisa_002_d10_1101_2022_03_10_483747390C,normal,Meyer_2019,Female,65-70,No
TTTGGTTAGCGCCCAT_SC86,homosapiens_None_2023_None_sikkemalisa_002_d10_1101_2022_03_10_483747NU_CZI01,normal,Misharin_2021,Male,unknown,unknown
7239220_GTGCAGCTCATGCAAC,homosapiens_None_2023_None_sikkemalisa_002_d10_1101_2022_03_10_483747298C,normal,Teichmann_Meyer_2019,Male,50-55,Yes
GGGAGATCATTACGAC-SC156,homosapiens_None_2023_None_sikkemalisa_002_d10_1101_2022_03_10_483747lafy_donor_6,normal,Lafyatis_Rojas_2019_10Xv2,Female,unknown,No
CGAGCACGTTTGTTGG_F01853,homosapiens_None_2023_None_sikkemalisa_002_d10_1101_2022_03_10_483747VUHD85,normal,Banovich_Kropski_2020,Male,unknown,No
P1_4_ACGTCAAGTCGAAAGC,homosapiens_None_2023_None_sikkemalisa_002_d10_1101_2022_03_10_483747donor 1,normal,Krasnow_2020,Male,unknown,Yes
ACTGAGTCACGGTAGA_GRO-10_biopsy,homosapiens_None_2023_None_sikkemalisa_002_d10_1101_2022_03_10_483747GRO-10,normal,Nawijn_2021,Male,55-60,No
CTAACTTAGTCGCCGT_F02526,homosapiens_None_2023_None_sikkemalisa_002_d10_1101_2022_03_10_483747VUHD92,normal,Banovich_Kropski_2020,Male,unknown,No
CAGCATAGTTGTGGCC-1-HCATisStab7659969,homosapiens_None_2023_None_sikkemalisa_002_d10_1101_2022_03_10_483747368C,normal,Meyer_2019,Male,55-60,Yes
GACTGCGGTACTTCTT_F02528,homosapiens_None_2023_None_sikkemalisa_002_d10_1101_2022_03_10_483747VUHD98,normal,Banovich_Kropski_2020,Male,unknown,No
D344_Biop_Int1_TAAGAGAGTATAGTAG-1-13,homosapiens_None_2023_None_sikkemalisa_002_d10_1101_2022_03_10_483747D344,normal,Barbry_Leroy_2020,Female,unknown,Yes
GGAACTTGTTCAACCA_HD66,homosapiens_None_2023_None_sikkemalisa_002_d10_1101_2022_03_10_483747VUHD66,normal,Banovich_Kropski_2020,Male,unknown,Yes
TTCTTCCAGTGATAGT_SC144,homosapiens_None_2023_None_sikkemalisa_002_d10_1101_2022_03_10_483747NU_CZI02,normal,Misharin_2021,Male,unknown,unknown
AAGTCTGGTAAGGGAA_F02522,homosapiens_None_2023_None_sikkemalisa_002_d10_1101_2022_03_10_483747VUHD95,normal,Banovich_Kropski_2020,Female,unknown,No
TCGCGTTTCTGCTGTC_HD67,homosapiens_None_2023_None_sikkemalisa_002_d10_1101_2022_03_10_483747VUHD67,normal,Banovich_Kropski_2020,Female,unknown,Yes
TAAGCGTAGTTACCCA_F02617,homosapiens_None_2023_None_sikkemalisa_002_d10_1101_2022_03_10_483747VUHD103,normal,Banovich_Kropski_2020,Male,unknown,No
D322_Biop_Pro1_CTACCCACAATGGACG-1-1,homosapiens_None_2023_None_sikkemalisa_002_d10_1101_2022_03_10_483747D322,normal,Barbry_Leroy_2020,Female,unknown,No
CCGTTCAAGAGACTTA_F01639,homosapiens_None_2023_None_sikkemalisa_002_d10_1101_2022_03_10_483747THD0008,normal,Banovich_Kropski_2020,Male,unknown,Yes
CCACGGATCTCAACTT_F02092,homosapiens_None_2023_None_sikkemalisa_002_d10_1101_2022_03_10_483747THD0014,normal,Banovich_Kropski_2020,Male,unknown,No
GTCGTAAGTGTAATGA-SC56,homosapiens_None_2023_None_sikkemalisa_002_d10_1101_2022_03_10_483747lafy_donor_4,normal,Lafyatis_Rojas_2019_10Xv2,Female,unknown,No
TGCCCATAGCTGATAA_GRO-08_biopsy,homosapiens_None_2023_None_sikkemalisa_002_d10_1101_2022_03_10_483747GRO-08,normal,Nawijn_2021,Male,50-55,No
TAAGAGATCAACACAC_GRO-07_biopsy,homosapiens_None_2023_None_sikkemalisa_002_d10_1101_2022_03_10_483747GRO-07,normal,Nawijn_2021,Male,60-65,Yes
7185212_CGACTTCCAAGAAGAG,homosapiens_None_2023_None_sikkemalisa_002_d10_1101_2022_03_10_483747296C,normal,Teichmann_Meyer_2019,Female,30-35,Yes
D353_Biop_Int2_CAGCAGCAGACGCAAC-1-18,homosapiens_None_2023_None_sikkemalisa_002_d10_1101_2022_03_10_483747D353,normal,Barbry_Leroy_2020,Female,unknown,No
D372_Biop_Int2_TGTGGTAGTTTAGCTG-1-34,homosapiens_None_2023_None_sikkemalisa_002_d10_1101_2022_03_10_483747D372,normal,Barbry_Leroy_2020,Female,unknown,Yes
TGGTTAGGTGAGTATA_F02611,homosapiens_None_2023_None_sikkemalisa_002_d10_1101_2022_03_10_483747VUHD106,normal,Banovich_Kropski_2020,Male,unknown,Yes
CAAGGCCTCGAACGGA_SC27,homosapiens_None_2023_None_sikkemalisa_002_d10_1101_2022_03_10_483747Donor_07,normal,Misharin_Budinger_2018,Female,unknown,Yes
7239217_GTCATTTGTTAAGTAG,homosapiens_None_2023_None_sikkemalisa_002_d10_1101_2022_03_10_483747302C,normal,Teichmann_Meyer_2019,Male,40-45,Yes
TCAGATGAGCTGTTCA-SC59,homosapiens_None_2023_None_sikkemalisa_002_d10_1101_2022_03_10_483747lafy_donor_5,normal,Lafyatis_Rojas_2019_10Xv2,Male,unknown,No
D326_Biop_Int1_CACAGTAGTGAGCGAT-1-4,homosapiens_None_2023_None_sikkemalisa_002_d10_1101_2022_03_10_483747D326,normal,Barbry_Leroy_2020,Male,unknown,No
CACCAGGGTGGCAAAC_HD70,homosapiens_None_2023_None_sikkemalisa_002_d10_1101_2022_03_10_483747VUHD70,normal,Banovich_Kropski_2020,Male,unknown,Yes
ACTTACTCATCATCCC_SC10,homosapiens_None_2023_None_sikkemalisa_002_d10_1101_2022_03_10_483747Donor_02,normal,Misharin_Budinger_2018,Male,unknown,Yes
CCGTACTCAAGGTGTG-SC45,homosapiens_None_2023_None_sikkemalisa_002_d10_1101_2022_03_10_483747lafy_donor_3,normal,Lafyatis_Rojas_2019_10Xv2,Male,unknown,Yes
GTGCAGCTCTGCTGTC_HD101,homosapiens_None_2023_None_sikkemalisa_002_d10_1101_2022_03_10_483747VUHD101,normal,Banovich_Kropski_2020,Male,unknown,No
D354_Biop_Int2_CGGGTCAGTAGTAGTA-1-21,homosapiens_None_2023_None_sikkemalisa_002_d10_1101_2022_03_10_483747D354,normal,Barbry_Leroy_2020,Male,unknown,No
CGTCAGGTCGAACGGA_GRO-09_biopsy,homosapiens_None_2023_None_sikkemalisa_002_d10_1101_2022_03_10_483747GRO-09,normal,Nawijn_2021,Female,50-55,Yes
GATCAGTCACAGATTC_SC07,homosapiens_None_2023_None_sikkemalisa_002_d10_1101_2022_03_10_483747Donor_01,normal,Misharin_Budinger_2018,Male,unknown,No
D367_Biop_Pro1_TGATTTCTCAGATAAG-1-28,homosapiens_None_2023_None_sikkemalisa_002_d10_1101_2022_03_10_483747D367,normal,Barbry_Leroy_2020,Male,unknown,No
CAACCTCGTGAAAGAG_SC29,homosapiens_None_2023_None_sikkemalisa_002_d10_1101_2022_03_10_483747Donor_08,normal,Misharin_Budinger_2018,Male,unknown,No
D339_Biop_Int1_GTGCAGCGTCCATCCT-1-9,homosapiens_None_2023_None_sikkemalisa_002_d10_1101_2022_03_10_483747D339,normal,Barbry_Leroy_2020,Male,unknown,No
TCTGAGAAGGGTGTGT_F01403,homosapiens_None_2023_None_sikkemalisa_002_d10_1101_2022_03_10_483747THD0006,normal,Banovich_Kropski_2020,Male,unknown,No
GTTACAGGTAAACACA-1-HCATisStab7587202,homosapiens_None_2023_None_sikkemalisa_002_d10_1101_2022_03_10_483747356C,normal,Meyer_2019,Female,40-45,No
CGATGGCGTTCTCATT_F01874,homosapiens_None_2023_None_sikkemalisa_002_d10_1101_2022_03_10_483747THD0012,normal,Banovich_Kropski_2020,Male,unknown,Yes
GACGCTCTCCTACC-SC31D,homosapiens_None_2023_None_sikkemalisa_002_d10_1101_2022_03_10_483747lafy_donor_2,normal,Lafyatis_Rojas_2019_10Xv1,Male,unknown,No
ATGGGAGAGTGTTTGC_F01641,homosapiens_None_2023_None_sikkemalisa_002_d10_1101_2022_03_10_483747THD0009,normal,Banovich_Kropski_2020,Female,unknown,unknown
CGATGTATCCGCAGTG_F01692,homosapiens_None_2023_None_sikkemalisa_002_d10_1101_2022_03_10_483747THD0010,normal,Banovich_Kropski_2020,Male,unknown,No
GCGACCACATATGCTG_F01483,homosapiens_None_2023_None_sikkemalisa_002_d10_1101_2022_03_10_483747VUHD072,normal,Banovich_Kropski_2020,Female,unknown,Yes
AGGCCACAGCGGATCA_F01607,homosapiens_None_2023_None_sikkemalisa_002_d10_1101_2022_03_10_483747THD0007,normal,Banovich_Kropski_2020,Male,unknown,Yes
CGGACACTCTGCCAGG_SC24,homosapiens_None_2023_None_sikkemalisa_002_d10_1101_2022_03_10_483747Donor_06,normal,Misharin_Budinger_2018,Female,unknown,No
D363_Biop_Pro1_CATGGCGGTAATCGTC-1-24,homosapiens_None_2023_None_sikkemalisa_002_d10_1101_2022_03_10_483747D363,normal,Barbry_Leroy_2020,Female,unknown,No
GGCTGGTAGGTAGCCA_SC18,homosapiens_None_2023_None_sikkemalisa_002_d10_1101_2022_03_10_483747Donor_03,normal,Misharin_Budinger_2018,Female,unknown,No
CTCGTACTCGTGGGAA_F00409,homosapiens_None_2023_None_sikkemalisa_002_d10_1101_2022_03_10_483747VUHD69,normal,Banovich_Kropski_2020,Female,unknown,No
CGCAACGTTTGCAT_GRO-06_biopsy,homosapiens_None_2023_None_sikkemalisa_002_d10_1101_2022_03_10_483747GRO-06,normal,Nawijn_2021,Male,55-60,No
CAGCCAGTACCGTAT_GRO-03_biopsy,homosapiens_None_2023_None_sikkemalisa_002_d10_1101_2022_03_10_483747GRO-03,normal,Nawijn_2021,Male,55-60,No
GTTCATTGTCATATCG_F01394,homosapiens_None_2023_None_sikkemalisa_002_d10_1101_2022_03_10_483747VUHD071,normal,Banovich_Kropski_2020,Male,unknown,Yes
ACGTTACATGCTAGT_GRO-11_biopsy,homosapiens_None_2023_None_sikkemalisa_002_d10_1101_2022_03_10_483747GRO-11,normal,Nawijn_2021,Male,55-60,No
ACTTTCATCATTT_GRO-04_biopsy,homosapiens_None_2023_None_sikkemalisa_002_d10_1101_2022_03_10_483747GRO-04,normal,Nawijn_2021,Male,50-55,No
GAGTCCGGTCTAAACC_F02730,homosapiens_None_2023_None_sikkemalisa_002_d10_1101_2022_03_10_483747THD0017,normal,Banovich_Kropski_2020,Male,unknown,Yes
AAATCTGACCAACA-SC14,homosapiens_None_2023_None_sikkemalisa_002_d10_1101_2022_03_10_483747lafy_donor_1,normal,Lafyatis_Rojas_2019_10Xv1,Male,unknown,No
ACGGGTCGTGGTTTCA_SC22,homosapiens_None_2023_None_sikkemalisa_002_d10_1101_2022_03_10_483747Donor_05,normal,Misharin_Budinger_2018,Female,unknown,Yes
CGTCAGGAGGGTCGAT-1-7,homosapiens_None_2023_None_sikkemalisa_002_d10_1101_2022_03_10_4837472020-3173-NC007,normal,Jain_Misharin_2021_10Xv2,Female,unknown,unknown
AGAGTGGTCTGGTTCC_F01157,homosapiens_None_2023_None_sikkemalisa_002_d10_1101_2022_03_10_483747THD0001,normal,Banovich_Kropski_2020,Male,unknown,Yes
TCATTTGCAGGATT_GRO-02_biopsy,homosapiens_None_2023_None_sikkemalisa_002_d10_1101_2022_03_10_483747GRO-02,normal,Nawijn_2021,Female,60-65,No
7119452_CACACCTGTCAATACC,homosapiens_None_2023_None_sikkemalisa_002_d10_1101_2022_03_10_483747284C,normal,Teichmann_Meyer_2019,Male,55-60,Yes
CTGAAGTCAGTGACAG_F01495,homosapiens_None_2023_None_sikkemalisa_002_d10_1101_2022_03_10_483747VUHD073,normal,Banovich_Kropski_2020,Female,unknown,Yes
TACAGTGGTATCACCA_SC20,homosapiens_None_2023_None_sikkemalisa_002_d10_1101_2022_03_10_483747Donor_04,normal,Misharin_Budinger_2018,Female,unknown,No
AGAATAGAGTCCGTAT_F02992,homosapiens_None_2023_None_sikkemalisa_002_d10_1101_2022_03_10_483747THD0019,normal,Banovich_Kropski_2020,Male,unknown,Yes
GTGTGCGCAACACGCC_F02509,homosapiens_None_2023_None_sikkemalisa_002_d10_1101_2022_03_10_483747THD0015,normal,Banovich_Kropski_2020,Male,unknown,unknown
CCTAGCTTCCCTCTTT_F02609,homosapiens_None_2023_None_sikkemalisa_002_d10_1101_2022_03_10_483747VUHD105,normal,Banovich_Kropski_2020,Male,unknown,No
TAAACCGAGCTAACAA_T89,homosapiens_None_2023_None_sikkemalisa_002_d10_1101_2022_03_10_483747T89,normal,Seibold_2020_10Xv2,Female,unknown,No
7135919_GTCGTAATCAACGAAA,homosapiens_None_2023_None_sikkemalisa_002_d10_1101_2022_03_10_483747290B,normal,Teichmann_Meyer_2019,Female,60-65,Yes
CATCCACAGGCTAGCA_F02613,homosapiens_None_2023_None_sikkemalisa_002_d10_1101_2022_03_10_483747VUHD107,normal,Banovich_Kropski_2020,Male,unknown,Yes
GGTGAAGAGTACATGA-1-1,homosapiens_None_2023_None_sikkemalisa_002_d10_1101_2022_03_10_4837472020-3173-NC008,normal,Jain_Misharin_2021_10Xv1,Male,unknown,No
TTCTTAGGTACACCGC_F01511,homosapiens_None_2023_None_sikkemalisa_002_d10_1101_2022_03_10_483747VUHD078,normal,Banovich_Kropski_2020,Male,unknown,Yes
7239213_AATCCAGCATTGGTAC,homosapiens_None_2023_None_sikkemalisa_002_d10_1101_2022_03_10_483747292B,normal,Teichmann_Meyer_2019,Male,55-60,Yes
GATTCAGGTACCGTAT_F01508,homosapiens_None_2023_None_sikkemalisa_002_d10_1101_2022_03_10_483747VUHD077,normal,Banovich_Kropski_2020,Female,unknown,Yes
CCATGTCAGTGAACAT_GRO-01_nasal_brush,homosapiens_None_2023_None_sikkemalisa_002_d10_1101_2022_03_10_483747GRO-01,normal,Nawijn_2021,Male,40-45,No
TGCCAAAAGCTGTTCA_F03045,homosapiens_None_2023_None_sikkemalisa_002_d10_1101_2022_03_10_483747THD0020,normal,Banovich_Kropski_2020,Male,unknown,Yes
ACACCCTCACCAGGCT-1-4,homosapiens_None_2023_None_sikkemalisa_002_d10_1101_2022_03_10_4837472020-3173-NC004,normal,Jain_Misharin_2021_10Xv2,Female,unknown,unknown
CGAGCACTCACGCATA-1-3,homosapiens_None_2023_None_sikkemalisa_002_d10_1101_2022_03_10_4837472020-3173-NC003,normal,Jain_Misharin_2021_10Xv2,Male,unknown,unknown
TTAGGACTCTTAACCT-1-6,homosapiens_None_2023_None_sikkemalisa_002_d10_1101_2022_03_10_4837472020-3173-NC006,normal,Jain_Misharin_2021_10Xv2,Male,unknown,unknown
GTTCTCGTCCGGCACA_F01513,homosapiens_None_2023_None_sikkemalisa_002_d10_1101_2022_03_10_483747VUHD080,normal,Banovich_Kropski_2020,Male,unknown,Yes
CGTTCTGTCATAAAGG_F01506,homosapiens_None_2023_None_sikkemalisa_002_d10_1101_2022_03_10_483747VUHD076,normal,Banovich_Kropski_2020,Male,unknown,No
CTGAAACTCTCGATGA-1-2,homosapiens_None_2023_None_sikkemalisa_002_d10_1101_2022_03_10_4837472020-3173-NC002,normal,Jain_Misharin_2021_10Xv1,Male,unknown,No
TGGTTAGGTTCAGGCC_T85,homosapiens_None_2023_None_sikkemalisa_002_d10_1101_2022_03_10_483747T85,normal,Seibold_2020_10Xv2,Male,unknown,Yes
GATCCCTTCTCGCAGG_T153,homosapiens_None_2023_None_sikkemalisa_002_d10_1101_2022_03_10_483747T153,normal,Seibold_2020_10Xv3,Male,unknown,No
ATCTCTATCGGTTCAA_T167,homosapiens_None_2023_None_sikkemalisa_002_d10_1101_2022_03_10_483747T167,normal,Seibold_2020_10Xv3,Female,unknown,Yes
152CO-a_CTACCCAAGTAGTGCG_adams,homosapiens_None_2023_None_sikkemalisa_002_d10_1101_2022_03_10_483747152CO,COPD,Kaminski_2020,unknown,unknown,unknown
052CO-a_CTACCCAGTAAGAGAG_adams,homosapiens_None_2023_None_sikkemalisa_002_d10_1101_2022_03_10_483747052CO,COPD,Kaminski_2020,unknown,unknown,unknown
184CO-b_CAGTAACCAAACCTAC_adams,homosapiens_None_2023_None_sikkemalisa_002_d10_1101_2022_03_10_483747184CO,COPD,Kaminski_2020,unknown,unknown,unknown
8CO_GCAGTTAGTTAAGTAG_adams,homosapiens_None_2023_None_sikkemalisa_002_d10_1101_2022_03_10_4837478CO,COPD,Kaminski_2020,unknown,unknown,unknown
153CO-a_TTAGTTCGTAGCGATG_adams,homosapiens_None_2023_None_sikkemalisa_002_d10_1101_2022_03_10_483747153CO,COPD,Kaminski_2020,unknown,unknown,unknown
217CO-a_ATTATCCAGTGCGTGA_adams,homosapiens_None_2023_None_sikkemalisa_002_d10_1101_2022_03_10_483747217CO,COPD,Kaminski_2020,unknown,unknown,unknown
235CO_GAGTCCGCACGACGAA_adams,homosapiens_None_2023_None_sikkemalisa_002_d10_1101_2022_03_10_483747235CO,COPD,Kaminski_2020,unknown,unknown,unknown
238CO_TCTATTGAGCGGCTTC_adams,homosapiens_None_2023_None_sikkemalisa_002_d10_1101_2022_03_10_483747238CO,COPD,Kaminski_2020,unknown,unknown,unknown
137CO_GAGCAGACAGGAATCG_adams,homosapiens_None_2023_None_sikkemalisa_002_d10_1101_2022_03_10_483747137CO,COPD,Kaminski_2020,unknown,unknown,unknown
207CO_CGCGTTTCACCACGTG_adams,homosapiens_None_2023_None_sikkemalisa_002_d10_1101_2022_03_10_483747207CO,COPD,Kaminski_2020,unknown,unknown,unknown
056CO_CACACTCTCTTGCATT_adams,homosapiens_None_2023_None_sikkemalisa_002_d10_1101_2022_03_10_483747056CO,COPD,Kaminski_2020,unknown,unknown,unknown
23CO_ACGAGCCAGAAGGCCT_adams,homosapiens_None_2023_None_sikkemalisa_002_d10_1101_2022_03_10_48374723CO,COPD,Kaminski_2020,unknown,unknown,unknown
237CO_TTCGAAGTCTCATTCA_adams,homosapiens_None_2023_None_sikkemalisa_002_d10_1101_2022_03_10_483747237CO,COPD,Kaminski_2020,unknown,unknown,unknown
178CO_GAACATCCAACGATCT_adams,homosapiens_None_2023_None_sikkemalisa_002_d10_1101_2022_03_10_483747178CO,COPD,Kaminski_2020,unknown,unknown,unknown
186CO-b_CGGTTAAGTGATGTGG_adams,homosapiens_None_2023_None_sikkemalisa_002_d10_1101_2022_03_10_483747186CO,COPD,Kaminski_2020,unknown,unknown,unknown
194CO-a_GCTGCGAAGCAGGCTA_adams,homosapiens_None_2023_None_sikkemalisa_002_d10_1101_2022_03_10_483747194CO,COPD,Kaminski_2020,unknown,unknown,unknown
192CO-a_GAACCTACATCTCGCT_adams,homosapiens_None_2023_None_sikkemalisa_002_d10_1101_2022_03_10_483747192CO,COPD,Kaminski_2020,unknown,unknown,unknown
193CO-a_GTCTCGTAGTCGAGTG_adams,homosapiens_None_2023_None_sikkemalisa_002_d10_1101_2022_03_10_483747193CO,COPD,Kaminski_2020,unknown,unknown,unknown
GSM5133588_AAACCTGAGCGGCTTC-1,GSM5133588,COPD,Morrisey_2022,Female,65-70,Yes
GSM5133589_AAACCTGAGCTTATCG-1,GSM5133589,COPD,Morrisey_2022,Female,65-70,Yes
GSM5133590_AAACCCAAGAGATGCC-1,GSM5133590,COPD,Morrisey_2022,Female,65-70,Yes
GSM5133591_AAACCCACAATAACCC-1,GSM5133591,COPD,Morrisey_2022,Female,65-70,Yes
GSM5133592_AAACCCAAGGTACCTT-1,GSM5133592,COPD,Morrisey_2022,Male,60-65,Yes
GSM5133593_AAACCCAAGAATTCAG-1,GSM5133593,COPD,Morrisey_2022,Male,60-65,Yes
GSM5133594_AAACCCAGTTCCTAGA,GSM5133594,COPD,Morrisey_2022,Male,65-70,Yes
GSM5282538_AAACCCAGTACCCGCA-1,GSM5282538,COPD,Yamamoto_2022,Female,65-70,Yes
GSM5282539_AAACCCATCTGAACGT-1,GSM5282539,COPD,Yamamoto_2022,Male,80-85,Yes
GSM5282540_AAACCCAAGGTCGTAG-1,GSM5282540,COPD,Yamamoto_2022,Male,75-80,Yes
GSM5282541_AAACGAAAGAACTTCC-1,GSM5282541,COPD,Yamamoto_2022,Male,70-75,Yes
GSM5282542_AAACGAAAGCGTGCTC-1,GSM5282542,COPD,Yamamoto_2022,Male,75-80,Yes
muc8257_AGTCCCGTCGTA_mayr,homosapiens_None_2023_None_sikkemalisa_002_d10_1101_2022_03_10_483747muc8257,IPF,Schiller_2020,Female,unknown,unknown
ILD59-2_CATGCCTTCCGTTGTC_haberman,homosapiens_None_2023_None_sikkemalisa_002_d10_1101_2022_03_10_483747VUILD59,IPF,Banovich_Kropski_2020,unknown,unknown,unknown
CGCGTTTTCGGTTAAC_IPF1_tsukui,homosapiens_None_2023_None_sikkemalisa_002_d10_1101_2022_03_10_483747IPF1,IPF,Sheppard_2020,unknown,unknown,unknown
AAACGGGAGTGGGATC_IPF2_tsukui,homosapiens_None_2023_None_sikkemalisa_002_d10_1101_2022_03_10_483747IPF2,IPF,Sheppard_2020,unknown,unknown,unknown
138I-a_CCGGGATGTAGTGAAT_adams,homosapiens_None_2023_None_sikkemalisa_002_d10_1101_2022_03_10_483747138I,IPF,Kaminski_2020,unknown,unknown,unknown
GCGGGTTAGAAACCGC_IPF3_tsukui,homosapiens_None_2023_None_sikkemalisa_002_d10_1101_2022_03_10_483747IPF3,IPF,Sheppard_2020,unknown,unknown,unknown
228I-a_CTCTGGTCAGGGTTAG_adams,homosapiens_None_2023_None_sikkemalisa_002_d10_1101_2022_03_10_483747228I,IPF,Kaminski_2020,unknown,unknown,unknown
022I_CAAGGCCTCAAACGGG_adams,homosapiens_None_2023_None_sikkemalisa_002_d10_1101_2022_03_10_483747022I,IPF,Kaminski_2020,unknown,unknown,unknown
muc10381_TGAGATAAGCAC_mayr,homosapiens_None_2023_None_sikkemalisa_002_d10_1101_2022_03_10_483747muc10381,IPF,Schiller_2020,Male,unknown,unknown
F01380_AGACGTTGTCGTCTTC_haberman,homosapiens_None_2023_None_sikkemalisa_002_d10_1101_2022_03_10_483747TILD028,IPF,Banovich_Kropski_2020,unknown,unknown,unknown
ILD61-2_ACCCACTAGTGTTAGA_haberman,homosapiens_None_2023_None_sikkemalisa_002_d10_1101_2022_03_10_483747VUILD61,IPF,Banovich_Kropski_2020,unknown,unknown,unknown
225I-a_TTTATGCGTCCTCCAT_adams,homosapiens_None_2023_None_sikkemalisa_002_d10_1101_2022_03_10_483747225I,IPF,Kaminski_2020,unknown,unknown,unknown
063I-b_AGACGTTGTCAGAAGC_adams,homosapiens_None_2023_None_sikkemalisa_002_d10_1101_2022_03_10_483747063I,IPF,Kaminski_2020,unknown,unknown,unknown
ILD53_GCACATAGTAGAGGAA_haberman,homosapiens_None_2023_None_sikkemalisa_002_d10_1101_2022_03_10_483747VUILD53,IPF,Banovich_Kropski_2020,unknown,unknown,unknown
034I-a_GGGATGAGTCCGAGTC_adams,homosapiens_None_2023_None_sikkemalisa_002_d10_1101_2022_03_10_483747034I,IPF,Kaminski_2020,unknown,unknown,unknown
F00431_CGCGTTTCAAAGTCAA_haberman,homosapiens_None_2023_None_sikkemalisa_002_d10_1101_2022_03_10_483747TILD001,IPF,Banovich_Kropski_2020,unknown,unknown,unknown
SC08_CCACGGATCTGGTGTA_reyfman_disease,homosapiens_None_2023_None_sikkemalisa_002_d10_1101_2022_03_10_483747IPF_01,IPF,Misharin_Budinger_2018,unknown,unknown,unknown
021I_CATCAGAAGACGACGT_adams,homosapiens_None_2023_None_sikkemalisa_002_d10_1101_2022_03_10_483747021I,IPF,Kaminski_2020,unknown,unknown,unknown
135I-b_CTCGGAGGTAGGGACT_adams,homosapiens_None_2023_None_sikkemalisa_002_d10_1101_2022_03_10_483747135I,IPF,Kaminski_2020,unknown,unknown,unknown
040I_AAAGTAGGTTATGTGC_adams,homosapiens_None_2023_None_sikkemalisa_002_d10_1101_2022_03_10_483747040I,IPF,Kaminski_2020,unknown,unknown,unknown
123I_GGGTTGCCACATCCAA_adams,homosapiens_None_2023_None_sikkemalisa_002_d10_1101_2022_03_10_483747123I,IPF,Kaminski_2020,unknown,unknown,unknown
SC13_AGTTGGTAGGCTAGAC_reyfman_disease,homosapiens_None_2023_None_sikkemalisa_002_d10_1101_2022_03_10_483747Cryobiopsy_01,IPF,Misharin_Budinger_2018,unknown,unknown,unknown
F01173_CCAGCGAGTAGCTTGT_haberman,homosapiens_None_2023_None_sikkemalisa_002_d10_1101_2022_03_10_483747TILD015,IPF,Banovich_Kropski_2020,unknown,unknown,unknown
F01392_GTTCTCGAGGTGTTAA_haberman,homosapiens_None_2023_None_sikkemalisa_002_d10_1101_2022_03_10_483747VUILD65,IPF,Banovich_Kropski_2020,unknown,unknown,unknown
051I_GTTACAGAGTTACCCA_adams,homosapiens_None_2023_None_sikkemalisa_002_d10_1101_2022_03_10_483747051I,IPF,Kaminski_2020,unknown,unknown,unknown
SC21_TAAACCGAGCTCCCAG_reyfman_disease,homosapiens_None_2023_None_sikkemalisa_002_d10_1101_2022_03_10_483747IPF_04,IPF,Misharin_Budinger_2018,unknown,unknown,unknown
49I-a_GGCGTGTCATGCCTTC_adams,homosapiens_None_2023_None_sikkemalisa_002_d10_1101_2022_03_10_48374749I,IPF,Kaminski_2020,unknown,unknown,unknown
222I-a_CACTCCAAGTACGTTC_adams,homosapiens_None_2023_None_sikkemalisa_002_d10_1101_2022_03_10_483747222I,IPF,Kaminski_2020,unknown,unknown,unknown
157I-b_GCTGGGTGTTGGAGGT_adams,homosapiens_None_2023_None_sikkemalisa_002_d10_1101_2022_03_10_483747157I,IPF,Kaminski_2020,unknown,unknown,unknown
59I_GCGACCAAGACAGACC_adams,homosapiens_None_2023_None_sikkemalisa_002_d10_1101_2022_03_10_48374759I,IPF,Kaminski_2020,unknown,unknown,unknown
muc9826_CTAACGGGCCAC_mayr,homosapiens_None_2023_None_sikkemalisa_002_d10_1101_2022_03_10_483747muc9826,IPF,Schiller_2020,Male,unknown,unknown
174I-a_GGCAATTAGCACGCCT_adams,homosapiens_None_2023_None_sikkemalisa_002_d10_1101_2022_03_10_483747174I,IPF,Kaminski_2020,unknown,unknown,unknown
F01302_TACTCATAGTGGTAGC_haberman,homosapiens_None_2023_None_sikkemalisa_002_d10_1101_2022_03_10_483747TILD006,IPF,Banovich_Kropski_2020,unknown,unknown,unknown
025I_TTCTCAACAAGGTTTC_adams,homosapiens_None_2023_None_sikkemalisa_002_d10_1101_2022_03_10_483747025I,IPF,Kaminski_2020,unknown,unknown,unknown
177I_TAGTTGGAGTGACTCT_adams,homosapiens_None_2023_None_sikkemalisa_002_d10_1101_2022_03_10_483747177I,IPF,Kaminski_2020,unknown,unknown,unknown
ILD60-1_TCGGGACCATAGGATA_haberman,homosapiens_None_2023_None_sikkemalisa_002_d10_1101_2022_03_10_483747VUILD60,IPF,Banovich_Kropski_2020,unknown,unknown,unknown
041I-b_AACACGTTCTATCGCC_adams,homosapiens_None_2023_None_sikkemalisa_002_d10_1101_2022_03_10_483747041I,IPF,Kaminski_2020,unknown,unknown,unknown
221I-a_AGGCCGTGTTTGGGCC_adams,homosapiens_None_2023_None_sikkemalisa_002_d10_1101_2022_03_10_483747221I,IPF,Kaminski_2020,unknown,unknown,unknown
010I_CCCTCCTCAATAGCGG_adams,homosapiens_None_2023_None_sikkemalisa_002_d10_1101_2022_03_10_483747010I,IPF,Kaminski_2020,unknown,unknown,unknown
F01214_CTGTGCTCATAGACTC_haberman,homosapiens_None_2023_None_sikkemalisa_002_d10_1101_2022_03_10_483747TILD010,IPF,Banovich_Kropski_2020,unknown,unknown,unknown
158I-b_GTGAAGGGTAAGCACG_adams,homosapiens_None_2023_None_sikkemalisa_002_d10_1101_2022_03_10_483747158I,IPF,Kaminski_2020,unknown,unknown,unknown
166I-a_TCGCGAGCAAGCGAGT_adams,homosapiens_None_2023_None_sikkemalisa_002_d10_1101_2022_03_10_483747166I,IPF,Kaminski_2020,unknown,unknown,unknown
214I-a_GTCAAGTCACAACGCC_adams,homosapiens_None_2023_None_sikkemalisa_002_d10_1101_2022_03_10_483747214I,IPF,Kaminski_2020,unknown,unknown,unknown
053I-n_TGGCCAGCAATGAATG_adams,homosapiens_None_2023_None_sikkemalisa_002_d10_1101_2022_03_10_483747053I,IPF,Kaminski_2020,unknown,unknown,unknown
SC19_AAATGCCGTCTCCACT_reyfman_disease,homosapiens_None_2023_None_sikkemalisa_002_d10_1101_2022_03_10_483747IPF_03,IPF,Misharin_Budinger_2018,unknown,unknown,unknown
209I-a_CGGACGTAGTCGTACT_adams,homosapiens_None_2023_None_sikkemalisa_002_d10_1101_2022_03_10_483747209I,IPF,Kaminski_2020,unknown,unknown,unknown
29I_GTATCTTGTGATGATA_adams,homosapiens_None_2023_None_sikkemalisa_002_d10_1101_2022_03_10_48374729I,IPF,Kaminski_2020,unknown,unknown,unknown
ILD63_AACTCTTCAGACTCGC_haberman,homosapiens_None_2023_None_sikkemalisa_002_d10_1101_2022_03_10_483747VUILD63,IPF,Banovich_Kropski_2020,unknown,unknown,unknown
47I-a_GCAAACTCACGCTTTC_adams,homosapiens_None_2023_None_sikkemalisa_002_d10_1101_2022_03_10_48374747I,IPF,Kaminski_2020,unknown,unknown,unknown
SC09_CGTAGGCGTGACTCAT_reyfman_disease,homosapiens_None_2023_None_sikkemalisa_002_d10_1101_2022_03_10_483747IPF_02,IPF,Misharin_Budinger_2018,unknown,unknown,unknown
145I-a_GTCGTAAAGGCACATG_adams,homosapiens_None_2023_None_sikkemalisa_002_d10_1101_2022_03_10_483747145I,IPF,Kaminski_2020,unknown,unknown,unknown
212I-a_ATCCACCTCCAAGTAC_adams,homosapiens_None_2023_None_sikkemalisa_002_d10_1101_2022_03_10_483747212I,IPF,Kaminski_2020,unknown,unknown,unknown
179I_CGTAGGCAGTCACGCC_adams,homosapiens_None_2023_None_sikkemalisa_002_d10_1101_2022_03_10_483747179I,IPF,Kaminski_2020,unknown,unknown,unknown
210CO_CCGGGATGTATGCTTG_adams,homosapiens_None_2023_None_sikkemalisa_002_d10_1101_2022_03_10_483747210I,IPF,Kaminski_2020,unknown,unknown,unknown
F01390_ATCATCTGTAATTGGA_haberman,homosapiens_None_2023_None_sikkemalisa_002_d10_1101_2022_03_10_483747VUILD64,IPF,Banovich_Kropski_2020,unknown,unknown,unknown
04-P103142-S149-R01-GCAGCCAGTACGTAGG_delorey_fresh,homosapiens_None_2023_None_sikkemalisa_002_d10_1101_2022_03_10_483747D12,COVID-19,Regev_2021_Fresh,unknown,unknown,unknown
TCGATTTAGGCGCTCT-20_bharat,homosapiens_None_2023_None_sikkemalisa_002_d10_1101_2022_03_10_483747PMB_2,COVID-19,Budinger_2020,Female,unknown,unknown
ATCGTAGGTAGTACGG-13_bharat,homosapiens_None_2023_None_sikkemalisa_002_d10_1101_2022_03_10_483747Case_1,COVID-19,Budinger_2020,Female,unknown,unknown
TTACAGGCATCGCCTT-17_bharat,homosapiens_None_2023_None_sikkemalisa_002_d10_1101_2022_03_10_483747PMB_1,COVID-19,Budinger_2020,Male,unknown,unknown
02-P166169-S099-R01-TCGGGCACACGGATCC_delorey_cryo,homosapiens_None_2023_None_sikkemalisa_002_d10_1101_2022_03_10_483747D3,COVID-19,Regev_2021_Cryo,unknown,unknown,unknown
04-P006354-S057-R02-GCTGCGAAGCCATCGC_delorey_cryo,homosapiens_None_2023_None_sikkemalisa_002_d10_1101_2022_03_10_483747D8,COVID-19,Regev_2021_Cryo,unknown,unknown,unknown
TCGGTAATCGAGAACG-5_grant_fresh,homosapiens_None_2023_None_sikkemalisa_002_d10_1101_2022_03_10_483747Wunderink2021_subject_1,COVID-19,Wunderink_2021_fresh,Male,unknown,unknown
BAL035_TAAACCGGTACAGTTC-1_wouters,homosapiens_None_2023_None_sikkemalisa_002_d10_1101_2022_03_10_483747BAL035,COVID-19,Lambrechts_2021,unknown,unknown,unknown
BAL040_GACCAATCAATAACGA-1_wouters,homosapiens_None_2023_None_sikkemalisa_002_d10_1101_2022_03_10_483747BAL040,COVID-19,Lambrechts_2021,unknown,unknown,unknown
BAL022_CAAGAAAAGATCCGAG-1_wouters,homosapiens_None_2023_None_sikkemalisa_002_d10_1101_2022_03_10_483747BAL022,COVID-19,Lambrechts_2021,unknown,unknown,unknown
CTCGAAACAGCCAGAA-15_grant_cryo,homosapiens_None_2023_None_sikkemalisa_002_d10_1101_2022_03_10_483747Wunderink2021_subject_A,COVID-19,Wunderink_2021_cryo,Male,unknown,unknown
912_laughney,homosapiens_None_2023_None_sikkemalisa_002_d10_1101_2022_03_10_483747RU653,cancer,Peer_Massague_2020,unknown,unknown,unknown
scrBT1428_GGACGTCAGCTAACAA_lambrechts,homosapiens_None_2023_None_sikkemalisa_002_d10_1101_2022_03_10_483747lambrechts_7,cancer,Thienpont_2018_10Xv2,unknown,unknown,unknown
BT1293_GGATTACTCTGCGGCA_lambrechts,homosapiens_None_2023_None_sikkemalisa_002_d10_1101_2022_03_10_483747lambrechts_3,cancer,Thienpont_2018_10Xv2,unknown,unknown,unknown
scrBT1429_GTCATTTTCTCTGCTG_lambrechts,homosapiens_None_2023_None_sikkemalisa_002_d10_1101_2022_03_10_483747lambrechts_8,cancer,Thienpont_2018_10Xv2,unknown,unknown,unknown
BT1376_GGACATTCATACAGCT_lambrechts,homosapiens_None_2023_None_sikkemalisa_002_d10_1101_2022_03_10_483747lambrechts_6,cancer,Thienpont_2018_10Xv2,unknown,unknown,unknown
34061_laughney,homosapiens_None_2023_None_sikkemalisa_002_d10_1101_2022_03_10_483747RU680,cancer,Peer_Massague_2020,unknown,unknown,unknown
BT1297_AAGGTTCCAGGATCGA_lambrechts,homosapiens_None_2023_None_sikkemalisa_002_d10_1101_2022_03_10_483747lambrechts_4,cancer,Thienpont_2018_10Xv2,unknown,unknown,unknown
BT1248_AAGTATACTGACCA_lambrechts,homosapiens_None_2023_None_sikkemalisa_002_d10_1101_2022_03_10_483747lambrechts_2,cancer,Thienpont_2018_10Xv1,unknown,unknown,unknown
48192_laughney,homosapiens_None_2023_None_sikkemalisa_002_d10_1101_2022_03_10_483747RU684,cancer,Peer_Massague_2020,unknown,unknown,unknown
BT1300_TTATGCTAGAGAGCTC_lambrechts,homosapiens_None_2023_None_sikkemalisa_002_d10_1101_2022_03_10_483747lambrechts_5,cancer,Thienpont_2018_10Xv2,unknown,unknown,unknown
38188_laughney,homosapiens_None_2023_None_sikkemalisa_002_d10_1101_2022_03_10_483747RU682,cancer,Peer_Massague_2020,unknown,unknown,unknown
14725_laughney,homosapiens_None_2023_None_sikkemalisa_002_d10_1101_2022_03_10_483747RU675,cancer,Peer_Massague_2020,unknown,unknown,unknown
BT1243_CAAGAAGACTTTAC_lambrechts,homosapiens_None_2023_None_sikkemalisa_002_d10_1101_2022_03_10_483747lambrechts_1,cancer,Thienpont_2018_10Xv1,unknown,unknown,unknown
32735_laughney,homosapiens_None_2023_None_sikkemalisa_002_d10_1101_2022_03_10_483747RU679,cancer,Peer_Massague_2020,unknown,unknown,unknown
16230_laughney,homosapiens_None_2023_None_sikkemalisa_002_d10_1101_2022_03_10_483747RU676,cancer,Peer_Massague_2020,unknown,unknown,unknown
4215_laughney,homosapiens_None_2023_None_sikkemalisa_002_d10_1101_2022_03_10_483747RU661,cancer,Peer_Massague_2020,unknown,unknown,unknown
AAACCTGAGGTAAACT_LUNG_T30,LUNG_T30,cancer,Lee_2020,unknown,unknown,No
AAACCTGCATCTGGTA_LUNG_T06,LUNG_T06,cancer,Lee_2020,unknown,unknown,Yes
AAACCTGGTAAGTGGC_LUNG_T08,LUNG_T08,cancer,Lee_2020,unknown,unknown,No
AAACCTGGTGGCGAAT_LUNG_T19,LUNG_T19,cancer,Lee_2020,unknown,unknown,Yes
AAACGGGTCCAGGGCT_LUNG_T20,LUNG_T20,cancer,Lee_2020,unknown,unknown,Yes
AAAGATGGTCAAGCGA_LUNG_T31,LUNG_T31,cancer,Lee_2020,unknown,unknown,Yes
AAAGATGGTGAGTGAC_LUNG_T34,LUNG_T34,cancer,Lee_2020,unknown,unknown,No
AAAGCAACATGGAATA_LUNG_T18,LUNG_T18,cancer,Lee_2020,unknown,unknown,Yes
AAAGTAGCACATCTTT_LUNG_T25,LUNG_T25,cancer,Lee_2020,unknown,unknown,Yes
AACACGTTCGTAGATC_LUNG_T28,LUNG_T28,cancer,Lee_2020,unknown,unknown,Yes
AAGACCTAGTGAAGTT_LUNG_T09,LUNG_T09,cancer,Lee_2020,unknown,unknown,Yes
p032t_AAACCCATCCTACGGG-1,p032t,cancer,Klauschen_2021,Female,80-85,unknown
p024t_AAACGAATCTCCTGTG-1,p024t,cancer,Klauschen_2021,Female,60-65,unknown
p033t_AAAGGTAAGGCTCACC-1,p033t,cancer,Klauschen_2021,Female,60-65,unknown
p023t_AACCCAACACATGAAA-1,p023t,cancer,Klauschen_2021,Female,60-65,unknown
p034t_AAACGAACAGATCCAT-1,p034t,cancer,Klauschen_2021,Male,60-65,unknown
p019t_AAAGGTATCCTGGGAC-1,p019t,cancer,Klauschen_2021,Male,80-85,unknown
p027t_AAAGGTACAATAGAGT-1,p027t,cancer,Klauschen_2021,Male,45-50,unknown
p030t_AAACCCAGTTTGACAC-1,p030t,cancer,Klauschen_2021,Male,60-65,unknown
p018t_AAACCCATCGTTGCCT-1,p018t,cancer,Klauschen_2021,Female,55-60,unknown
p031t_AAAGGATGTGTGTACT-1,p031t,cancer,Klauschen_2021,Male,75-80,unknown
GSM4043260bcCUSC,GSM4043260,cancer,Levantini_2021,Female,55-60,Yes
GSM4043240bcECVP,GSM4043240,cancer,Levantini_2021,Male,75-80,Yes
GSM4043250bcFZBO,GSM4043250,cancer,Levantini_2021,Female,60-65,No
GSM4043251bcBFCZ,GSM4043251,cancer,Levantini_2021,Female,70-75,Yes
GSM4043259bcCCUO,GSM4043259,cancer,Levantini_2021,Female,45-50,No
GSM4043243bcEJKE,GSM4043243,cancer,Levantini_2021,Male,70-75,Yes
GSM4043249bcCLVG,GSM4043249,cancer,Levantini_2021,Female,60-65,No
GSM4043255bcEWNN,GSM4043255,cancer,Levantini_2021,Female,60-65,Yes
GSM4043237bcGSDE,GSM4043237,cancer,Levantini_2021,Male,75-80,Yes
GSM4043254bcASHA,GSM4043254,cancer,Levantini_2021,Male,75-80,Yes
GSM4043248bcFKTP,GSM4043248,cancer,Levantini_2021,Female,60-65,No
GSM4043241bcENCL,GSM4043241,cancer,Levantini_2021,Female,70-75,Yes
GSM4043258bcAJXE,GSM4043258,cancer,Levantini_2021,Female,75-80,Yes
GSM4043253bcFEBL,GSM4043253,cancer,Levantini_2021,Male,75-80,Yes
GSM4043242bcFVPQ,GSM4043242,cancer,Levantini_2021,Female,70-75,Yes
GSM4043257bcDMSB,GSM4043257,cancer,Levantini_2021,Male,70-75,No
GSM4043238bcCQME,GSM4043238,cancer,Levantini_2021,Male,75-80,Yes
GSM4043244bcGYNX,GSM4043244,cancer,Levantini_2021,Male,70-75,Yes
GSM4043256bcHSYB,GSM4043256,cancer,Levantini_2021,Female,60-65,Yes
GSM4043252bcBBPP,GSM4043252,cancer,Levantini_2021,Female,70-75,Yes
GSM4043239bcHIUF,GSM4043239,cancer,Levantini_2021,Male,75-80,Yes
GSM3635298_bcHBLQ,p6t1,cancer,Klein2019,Male,75-80,unknown
GSM3635294_bcBTKQ,p4t3,cancer,Klein2019,Male,80-85,unknown
GSM3635280_bcECUL,p1t3,cancer,Klein2019,Male,75-80,unknown
GSM3635289_bcCLVG,p3t2,cancer,Klein2019,Female,60-65,unknown
GSM3635296_bcBFCZ,p5t1,cancer,Klein2019,Female,70-75,unknown
GSM3635279_bcCMVW,p1t2,cancer,Klein2019,Male,75-80,unknown
GSM3635302_bcHSYB,p7t2,cancer,Klein2019,Female,60-65,unknown
GSM3635292_bcDRZB,p4t1,cancer,Klein2019,Male,80-85,unknown
GSM3635285_bcENCL,p2t1,cancer,Klein2019,Female,70-75,unknown
GSM3635281_bcGVWO,p1t4,cancer,Klein2019,Male,75-80,unknown
GSM3635290_bcFZBO,p3t3,cancer,Klein2019,Female,60-65,unknown
GSM3635293_bcHYDO,p4t2,cancer,Klein2019,Male,80-85,unknown
GSM3635278_bcEIYJ,p1t1,cancer,Klein2019,Male,75-80,unknown
GSM3635297_bcHYRD,p5t2,cancer,Klein2019,Female,70-75,unknown
GSM3635288_bcCVMH,p3t1,cancer,Klein2019,Female,60-65,unknown
GSM3635286_bcFVPQ,p2t2,cancer,Klein2019,Female,70-75,unknown
GSM3635299_bcASHA,p6t2,cancer,Klein2019,Male,75-80,unknown
GSM3635301_bcEWNN,p7t1,cancer,Klein2019,Female,60-65,unknown
BT1238_GATGCAACTTCTTG,1,cancer,Lambrechts_2020,Female,70-75,unknown
BT1244_AACCTTACGTGTAC,2,cancer,Lambrechts_2020,Male,85-90,unknown
BT1290_AAAGTAGTCCGCATAA,3,cancer,Lambrechts_2020,Male,65-70,unknown
BT1295_AAGTCTGTCTTCAACT,4,cancer,Lambrechts_2020,Female,60-65,unknown
BT1298_AACCATGTCATAACCG,5,cancer,Lambrechts_2020,Male,60-65,unknown
BT1375_AACCATGCACAGACAG,6,cancer,Lambrechts_2020,Male,60-65,unknown
scrBT1425_AAACCTGTCCAAAGTC,7,cancer,Lambrechts_2020,Male,60-65,unknown
scrBT1430_AACTCAGTCCCTGACT,8,cancer,Lambrechts_2020,Female,50-55,unknown
